,human-kiss1,mouse-kiss1,zebrafish-kiss1,frog-kiss1,opposum-kiss1,zebrafish-kiss2,frog-kiss2
human-kiss1,100.0,64.33566433566433,29.577464788732396,47.22222222222222,62.16216216216216,18.095238095238095,34.45945945945946
mouse-kiss1,64.33566433566433,100.0,26.08695652173913,42.857142857142854,63.19444444444444,16.666666666666668,27.083333333333332
zebrafish-kiss1,29.577464788732396,26.08695652173913,100.0,30.93525179856115,27.272727272727273,27.0,46.15384615384615
frog-kiss1,47.22222222222222,42.857142857142854,30.93525179856115,100.0,43.44827586206897,17.647058823529413,31.03448275862069
opposum-kiss1,62.16216216216216,63.19444444444444,27.272727272727273,43.44827586206897,100.0,16.037735849056602,27.516778523489933
zebrafish-kiss2,18.095238095238095,16.666666666666668,27.0,17.647058823529413,16.037735849056602,100.0,16.9811320754717
frog-kiss2,34.45945945945946,27.083333333333332,46.15384615384615,31.03448275862069,27.516778523489933,16.9811320754717,100.0
